timestamp,dominant_emotion,angry,disgust,fear,happy,sad,surprise,neutral,face_count
2026-08-17T15:29:13,fear,0.04,0.0,98.96,0.02,0.96,0.0,0.02,1
2026-08-17T15:29:24,neutral,0.0,0.0,0.01,0.0,0.13,0.0,99.84,1
2026-08-17T15:29:25,neutral,0.03,0.0,0.11,0.02,0.23,0.0,99.62,1
2026-08-17T15:29:27,neutral,0.02,0.0,0.04,0.03,0.19,0.0,99.72,1
2026-08-17T15:29:28,neutral,0.01,0.0,0.05,0.01,0.15,0.0,99.78,1
2026-08-17T15:29:29,neutral,0.0,0.0,0.03,0.02,0.12,0.0,99.83,1
2026-08-17T15:29:30,neutral,0.41,0.0,1.17,7.34,6.64,0.03,84.41,1
2026-08-17T15:29:31,neutral,0.38,0.0,0.54,0.76,5.53,0.01,92.79,1
2026-08-17T15:29:33,happy,0.0,0.0,0.0,53.01,0.13,0.0,46.86,1
2026-08-17T15:29:34,neutral,0.5,0.0,0.2,0.08,6.19,0.0,93.03,1
2026-08-17T15:29:35,neutral,0.04,0.0,0.69,3.94,1.41,0.12,93.79,1
2026-08-17T15:29:36,neutral,0.01,0.0,1.08,6.87,2.89,0.03,89.12,1
2026-08-17T15:29:38,neutral,0.0,0.0,0.09,0.32,0.15,0.0,99.44,1
2026-08-17T15:29:39,neutral,0.13,0.0,1.4,41.07,6.4,0.17,50.83,1
2026-08-17T15:29:40,happy,0.17,0.0,0.62,92.85,0.61,0.62,5.13,1
2026-08-17T15:29:41,happy,0.0,0.0,0.15,80.43,0.13,0.23,19.05,1
2026-08-17T15:29:43,neutral,0.15,0.0,2.05,0.21,7.16,0.02,90.4,1
2026-08-17T15:29:44,fear,0.09,0.0,68.9,0.06,27.59,0.01,3.36,1
2026-08-17T15:29:45,sad,0.27,0.0,16.83,0.09,54.09,0.0,28.72,1
2026-08-17T15:29:46,neutral,0.61,0.0,2.12,0.01,12.88,0.0,84.38,1
2026-08-17T15:29:48,neutral,0.08,0.0,0.01,0.0,0.11,0.0,99.8,1
2026-08-17T15:29:49,neutral,0.02,0.0,0.04,0.23,0.77,0.02,98.93,1
2026-08-17T15:29:50,happy,0.0,0.0,0.37,98.65,0.05,0.01,0.92,1
2026-08-17T15:29:51,neutral,0.0,0.0,2.21,45.33,2.74,0.05,49.66,1
2026-08-17T15:29:52,sad,4.59,0.05,20.25,0.24,48.53,0.1,26.24,1
2026-08-17T15:29:54,fear,20.56,0.68,40.19,0.04,28.71,0.23,9.6,1
2026-08-17T15:29:55,sad,24.3,1.45,23.77,0.02,39.17,0.04,11.24,1
2026-08-17T15:29:56,neutral,0.0,0.0,0.0,0.13,0.12,0.0,99.75,1
2026-08-17T15:30:02,happy,0.05,0.0,4.14,79.76,1.08,0.02,14.95,1
2026-08-17T15:30:04,neutral,0.92,0.0,4.56,9.13,2.05,20.47,62.87,1
2026-08-17T15:30:05,neutral,0.37,0.0,4.44,0.16,5.06,0.03,89.95,1
2026-08-17T15:30:06,neutral,0.1,0.0,2.36,6.46,1.87,0.13,89.07,1
2026-08-17T15:30:07,happy,2.29,0.02,12.54,40.11,11.84,2.06,31.15,1
2026-08-17T15:30:09,neutral,0.39,0.0,0.41,11.53,0.51,1.19,85.97,1
2026-08-17T15:30:10,neutral,0.97,0.01,4.28,39.98,9.46,1.8,43.5,1
2026-08-17T15:30:11,happy,0.07,0.0,0.42,63.18,1.8,0.01,34.52,1
2026-08-17T15:30:12,neutral,0.06,0.0,0.18,0.03,0.29,0.01,99.43,1
2026-08-17T15:30:13,neutral,0.96,0.0,1.77,0.23,3.98,0.01,93.05,1
2026-08-17T15:30:15,neutral,1.17,0.0,0.37,1.13,0.56,0.1,96.68,1
2026-08-17T15:30:18,neutral,1.78,0.0,1.49,0.02,7.59,0.01,89.11,1
2026-08-17T15:30:19,neutral,9.65,0.0,1.31,4.22,5.22,0.21,79.39,1
2026-08-17T15:30:20,neutral,10.55,0.0,0.22,0.73,3.04,0.0,85.45,1
2026-08-17T15:30:22,angry,75.43,4.57,1.55,1.37,8.28,0.04,8.76,1
2026-08-17T15:30:23,happy,16.92,4.18,2.38,49.77,11.92,0.11,14.72,1
2026-08-17T15:30:24,neutral,0.21,0.0,0.12,1.27,3.01,0.0,95.38,1
2026-08-17T15:30:25,neutral,2.01,0.0,0.32,0.07,8.05,0.0,89.54,1
2026-08-17T15:30:27,neutral,0.03,0.0,0.09,0.03,0.28,0.01,99.56,1
2026-08-17T15:30:31,neutral,0.03,0.0,34.7,3.69,0.41,15.24,45.93,1
2026-08-17T15:30:32,happy,0.0,0.0,0.0,99.78,0.01,0.0,0.22,1
2026-08-17T15:30:34,happy,0.97,0.0,0.02,98.01,0.73,0.0,0.27,1
2026-08-17T15:30:35,fear,6.01,0.02,64.97,0.65,26.02,0.19,2.14,1
2026-08-17T15:30:36,neutral,1.66,0.0,9.53,5.27,31.22,0.2,52.12,1
2026-08-17T15:30:39,neutral,0.9,0.0,4.43,0.6,14.57,0.08,79.43,1
2026-08-17T15:30:40,fear,2.12,0.0,51.2,3.73,26.85,0.16,15.94,1
2026-08-17T15:30:41,fear,6.44,0.01,49.8,0.07,19.3,0.01,24.37,1
2026-08-17T15:30:43,neutral,0.29,0.0,0.75,0.05,5.6,0.02,93.3,1
2026-08-17T15:30:44,neutral,0.01,0.0,0.06,43.59,0.52,0.81,55.01,1
2026-08-17T15:30:45,neutral,0.35,0.0,0.92,46.21,4.34,0.02,48.16,1
2026-08-17T15:30:46,neutral,0.15,0.0,0.04,0.04,0.23,0.04,99.49,1
2026-08-17T15:30:48,neutral,0.42,0.0,0.16,0.02,1.45,0.0,97.95,1
2026-08-17T15:30:49,neutral,0.25,0.0,0.1,0.02,0.88,0.01,98.75,1
2026-08-17T15:30:50,neutral,0.68,0.0,0.38,0.06,0.93,0.03,97.91,1
2026-08-17T15:30:51,happy,0.03,0.0,0.01,98.83,0.14,0.0,0.99,1
2026-08-17T15:30:52,neutral,0.35,0.0,0.43,0.0,4.46,0.0,94.76,1
2026-08-17T15:30:54,sad,5.42,0.0,2.7,0.01,49.05,0.0,42.81,1
2026-08-17T15:30:55,neutral,0.17,0.0,0.24,0.0,21.37,0.0,78.23,1
2026-08-17T15:30:56,sad,0.31,0.0,1.06,0.0,53.76,0.0,44.87,1
2026-08-17T15:30:58,neutral,0.21,0.0,0.04,0.01,2.09,0.0,97.65,1
2026-08-17T15:30:59,neutral,0.72,0.0,0.05,0.0,5.96,0.0,93.27,1
2026-08-17T15:31:01,neutral,0.85,0.0,0.13,0.0,5.43,0.0,93.58,1
2026-08-17T15:31:02,neutral,0.54,0.0,2.05,0.01,17.24,0.0,80.17,1
2026-08-17T15:31:03,sad,2.29,0.0,7.18,0.51,81.1,0.0,8.91,1
2026-08-17T15:31:04,neutral,0.03,0.0,0.01,0.0,0.46,0.0,99.51,1
2026-08-17T15:31:07,neutral,1.25,0.0,0.6,0.04,7.27,0.01,90.83,1
2026-08-17T15:31:08,neutral,2.99,0.0,0.94,0.01,9.86,0.0,86.2,1
2026-08-17T15:31:09,neutral,0.09,0.0,0.06,0.01,3.91,0.0,95.93,1
2026-08-17T15:31:11,neutral,0.03,0.0,0.01,0.0,1.16,0.0,98.8,1
2026-08-17T15:31:12,neutral,0.05,0.0,0.08,0.0,1.94,0.0,97.93,1
2026-08-17T15:31:13,neutral,0.43,0.0,1.01,0.0,9.23,0.0,89.32,1
2026-08-17T15:31:14,neutral,0.17,0.0,0.09,0.0,7.11,0.0,92.63,1
2026-08-17T15:31:16,neutral,0.39,0.0,0.28,0.0,10.49,0.0,88.83,1
2026-08-17T15:39:38,neutral,1.7,0.0,7.19,0.07,44.39,0.0,46.65,1
2026-08-17T15:39:40,neutral,1.1,0.0,9.7,0.29,39.51,0.02,49.38,1
2026-08-17T15:39:43,neutral,1.31,0.0,0.01,2.0,1.78,0.0,94.89,1
2026-08-17T15:39:45,happy,24.78,0.0,0.27,45.32,7.89,0.0,21.74,1
2026-08-17T15:39:47,happy,0.14,0.0,0.02,91.38,0.28,0.02,8.16,1
2026-08-17T15:39:49,angry,82.44,0.0,0.21,2.68,8.7,0.0,5.98,1
2026-08-17T15:39:50,happy,7.79,0.0,0.03,71.01,2.29,0.0,18.87,1
2026-08-17T15:39:52,happy,0.28,0.0,0.03,96.06,0.04,0.0,3.59,1
2026-08-17T15:39:54,neutral,27.17,0.0,0.76,2.44,2.96,0.0,66.66,1
2026-08-17T15:40:04,fear,8.56,0.17,63.51,0.23,14.26,0.2,13.06,1
2026-08-17T15:40:06,neutral,0.64,0.0,2.48,0.01,40.51,0.0,56.37,1
2026-08-17T15:40:08,happy,0.1,0.0,2.4,45.66,13.93,0.0,37.91,1
2026-08-17T15:40:10,neutral,2.73,0.0,2.15,17.26,7.77,0.03,70.07,1
2026-08-17T15:47:46,neutral,0.62,0.0,1.07,0.0,2.04,0.02,96.26,1
2026-08-17T15:47:47,neutral,0.19,0.0,0.2,0.0,1.0,0.0,98.6,1
2026-08-17T15:47:48,neutral,0.13,0.0,0.08,2.37,0.68,0.06,96.68,1
2026-08-17T15:47:49,neutral,0.08,0.0,0.04,0.0,0.91,0.0,98.97,1
2026-08-17T15:47:51,sad,4.74,0.03,5.86,2.36,78.48,0.02,8.51,1
2026-08-17T15:47:52,sad,16.29,0.02,4.48,2.17,71.0,0.02,6.03,1
2026-08-17T15:47:53,sad,6.29,0.08,8.64,0.49,79.89,0.03,4.57,1
2026-08-17T15:47:54,sad,15.38,0.01,4.11,1.47,40.57,0.07,38.4,1
2026-08-17T15:47:56,angry,44.26,0.0,21.79,0.95,22.85,0.58,9.56,1
2026-08-17T15:47:57,neutral,0.71,0.0,1.28,0.01,3.93,0.03,94.04,1
2026-08-17T15:47:58,neutral,18.39,0.0,0.11,0.33,0.33,4.01,76.83,1
2026-08-17T15:47:59,happy,0.51,0.0,0.58,97.37,0.35,0.07,1.12,1
2026-08-17T15:48:01,happy,16.6,0.0,0.38,38.13,5.55,1.84,37.5,1
2026-08-17T15:48:02,neutral,0.14,0.0,0.01,0.0,0.06,0.0,99.79,1
2026-08-17T15:48:03,neutral,0.02,0.0,0.01,0.0,0.08,0.0,99.89,1
2026-08-17T15:48:04,angry,71.69,0.0,2.2,0.0,6.05,0.0,20.05,1
2026-08-17T15:48:05,neutral,0.38,0.0,0.19,0.05,0.59,0.01,98.77,1
2026-08-17T15:48:07,neutral,14.12,0.0,0.29,0.11,2.27,0.01,83.21,1
2026-08-17T15:48:08,angry,71.6,0.0,0.24,0.06,2.0,0.0,26.1,1
2026-08-17T15:48:09,neutral,14.02,0.0,0.12,0.01,1.75,0.0,84.09,1
2026-08-17T15:48:10,neutral,0.08,0.0,0.21,0.0,0.33,0.0,99.37,1
2026-08-17T15:48:12,neutral,0.31,0.0,0.38,0.04,2.34,0.0,96.92,1
2026-08-18T08:23:00,neutral,1.8,0.0,25.48,1.14,28.33,0.01,43.23,1
2026-08-18T08:23:01,happy,0.17,0.0,0.04,51.7,0.31,0.02,47.77,1
2026-08-18T08:23:02,neutral,0.0,0.0,0.06,33.01,1.14,0.0,65.78,1
2026-08-18T08:23:04,sad,0.09,0.0,1.47,6.98,91.06,0.0,0.41,1
2026-08-18T08:23:05,happy,0.02,0.0,0.04,88.81,0.14,0.0,10.99,1
2026-08-18T08:23:06,neutral,1.87,0.0,0.19,0.02,1.47,0.0,96.45,1
2026-08-18T08:23:07,neutral,3.43,0.0,18.2,4.4,23.18,0.0,50.79,1
2026-08-18T08:23:08,neutral,2.05,0.0,18.06,0.93,33.47,0.0,45.48,1
2026-08-18T08:23:09,neutral,2.39,0.0,30.97,0.7,31.21,0.0,34.72,1
2026-08-18T08:23:12,fear,0.86,0.0,61.4,7.07,8.9,0.07,21.7,1
2026-08-18T08:23:13,sad,1.34,0.0,16.37,3.11,69.11,0.0,10.07,1
2026-08-18T08:23:14,neutral,1.24,0.0,1.97,0.35,4.69,0.01,91.75,1
2026-08-18T08:23:15,neutral,0.09,0.0,0.4,0.0,1.45,0.0,98.05,1
2026-08-18T08:23:16,neutral,0.81,0.0,2.92,0.12,29.09,0.0,67.05,1
2026-08-18T08:23:17,sad,5.72,0.0,2.06,0.03,61.77,0.0,30.42,1
2026-08-18T08:23:19,neutral,2.66,0.0,2.61,0.15,36.03,0.01,58.54,1
2026-08-18T08:23:20,neutral,0.66,0.0,3.94,0.1,8.65,0.0,86.65,1
2026-08-18T08:23:21,neutral,7.1,0.01,1.77,15.54,16.01,0.07,59.5,1
2026-08-18T08:23:22,neutral,0.0,0.0,0.0,21.1,0.04,0.0,78.86,1
2026-08-18T08:23:23,happy,0.46,0.0,0.0,99.17,0.05,0.0,0.32,1
2026-08-18T08:23:24,angry,63.37,0.0,5.79,0.03,18.59,0.0,12.22,1
2026-08-18T08:23:25,neutral,0.23,0.0,0.05,0.25,0.64,0.0,98.83,1
2026-08-18T08:23:27,neutral,0.01,0.0,0.05,0.0,0.3,0.0,99.63,1
2026-08-18T08:23:28,neutral,0.52,0.0,1.77,0.07,4.63,0.0,93.01,1
2026-08-18T08:23:29,sad,1.05,0.0,13.67,0.02,76.54,0.0,8.71,1
2026-08-18T08:23:30,neutral,0.19,0.0,4.05,0.23,10.31,0.0,85.22,1
2026-08-18T08:23:31,neutral,0.17,0.0,3.08,0.57,6.05,0.0,90.12,1
2026-08-18T08:23:32,neutral,0.5,0.0,8.32,0.08,16.42,0.0,74.68,2
2026-08-18T08:23:33,neutral,0.14,0.0,3.0,0.11,4.09,0.0,92.66,1
2026-08-18T08:23:34,neutral,4.14,0.0,2.82,0.65,2.35,0.03,90.01,1
2026-08-18T08:23:35,neutral,1.25,0.0,0.67,0.34,1.98,0.0,95.76,1
2026-08-18T08:23:36,sad,18.97,0.0,9.66,0.42,65.44,0.0,5.51,1
2026-08-18T08:23:37,sad,0.45,0.0,2.35,0.01,87.46,0.0,9.72,1
2026-08-18T08:23:39,sad,1.8,0.0,1.2,0.0,91.51,0.0,5.48,1
2026-08-18T08:23:40,sad,4.44,0.0,12.92,0.0,79.76,0.0,2.87,1
2026-08-18T08:23:41,neutral,3.35,0.0,0.02,0.03,5.66,0.0,90.95,1
2026-08-18T08:23:42,neutral,0.21,0.0,0.03,0.13,10.27,0.0,89.36,1
2026-08-18T08:23:43,neutral,0.1,0.0,0.25,0.57,0.94,0.0,98.13,1
2026-08-18T08:23:44,neutral,0.25,0.0,0.25,0.23,3.71,0.0,95.57,1
2026-08-18T08:23:45,neutral,2.9,0.0,0.01,0.05,4.39,0.0,92.65,1
2026-08-18T08:23:46,fear,0.12,0.0,78.0,0.0,21.84,0.0,0.03,1
2026-08-18T08:23:47,sad,0.0,0.0,2.78,0.0,97.22,0.0,0.0,1
2026-08-18T08:23:48,sad,0.0,0.0,2.89,0.0,97.11,0.0,0.0,1
2026-08-18T08:23:50,angry,57.49,0.0,0.19,0.13,13.25,0.0,28.94,1
2026-08-18T08:23:51,sad,0.01,0.0,16.23,0.0,83.76,0.0,0.0,1
2026-08-18T08:23:52,sad,0.0,0.0,0.62,0.08,99.3,0.0,0.0,1
2026-08-18T08:23:53,fear,0.0,0.0,77.07,0.0,22.93,0.0,0.0,1
2026-08-18T08:23:54,sad,8.34,0.0,0.1,0.0,53.77,0.0,37.79,2
2026-08-18T08:23:55,sad,0.0,0.0,0.72,0.0,99.28,0.0,0.0,1
2026-08-18T08:23:57,sad,0.0,0.0,2.45,0.0,97.55,0.0,0.0,1
2026-08-18T08:23:58,sad,0.0,0.0,16.78,0.0,83.19,0.0,0.02,1
2026-08-18T08:23:59,neutral,2.87,0.0,0.64,0.4,3.99,0.0,92.11,1
2026-08-18T08:24:00,neutral,0.03,0.0,0.05,2.91,1.07,0.01,95.91,1
2026-08-18T08:24:01,neutral,0.87,0.0,1.04,0.0,1.23,0.0,96.86,1
2026-08-18T08:24:02,sad,36.98,0.0,12.08,0.04,38.62,0.0,12.29,1
2026-08-18T08:24:03,sad,31.1,0.0,19.7,0.03,34.0,0.0,15.17,1
2026-08-18T08:24:04,sad,31.28,0.0,22.68,0.01,34.54,0.0,11.49,1
2026-08-18T08:24:05,sad,20.09,0.0,26.15,0.02,36.46,0.0,17.27,1
2026-08-18T08:24:06,sad,15.11,0.0,21.27,0.04,38.36,0.0,25.22,1
2026-08-18T08:24:08,neutral,3.76,0.0,3.32,0.01,4.82,0.0,88.09,1
2026-08-18T08:25:53,neutral,1.16,0.0,0.0,0.01,1.61,0.0,97.22,1
2026-08-18T08:28:29,neutral,1.16,0.0,0.0,0.01,1.61,0.0,97.22,1
2026-08-18T08:29:06,sad,9.51,0.0,0.0,0.0,87.96,0.0,2.53,1
2026-08-18T08:29:29,sad,9.51,0.0,0.0,0.0,87.96,0.0,2.53,1
2026-08-31T12:05:50,neutral,1.64,0.0,0.04,0.03,1.91,0.0,96.39,1
2026-08-31T12:05:51,neutral,14.28,0.0,8.89,0.91,35.56,0.01,40.35,1
2026-08-31T12:05:53,sad,14.93,0.01,17.08,1.51,43.92,0.02,22.53,1
2026-08-31T12:05:54,sad,14.56,0.0,8.06,2.19,38.37,0.01,36.8,1
2026-08-31T12:05:55,angry,40.66,0.01,1.14,11.63,21.67,0.01,24.88,1
2026-08-31T12:05:56,neutral,18.28,0.0,0.23,0.01,12.63,0.0,68.85,1
2026-08-31T12:05:58,neutral,26.43,0.0,0.05,0.01,12.75,0.0,60.77,1
2026-08-31T12:05:59,neutral,1.08,0.0,0.01,0.0,9.44,0.0,89.48,1
2026-08-31T12:06:00,neutral,0.63,0.0,1.35,0.44,13.86,0.0,83.72,1
2026-08-31T12:06:01,neutral,1.9,0.0,0.69,0.01,11.76,0.0,85.64,1
2026-08-31T12:06:02,neutral,11.21,0.0,2.75,0.01,13.23,0.0,72.81,1
2026-08-31T12:06:04,neutral,6.45,0.0,17.25,0.37,23.74,0.01,52.19,1
2026-08-31T12:06:05,neutral,7.63,0.0,4.32,0.11,14.29,0.0,73.65,1
2026-08-31T12:06:06,neutral,2.08,0.0,1.86,0.02,5.22,0.0,90.82,1
2026-08-31T12:06:07,neutral,4.83,0.0,6.4,0.15,21.9,0.0,66.72,1
2026-08-31T12:06:09,neutral,6.96,0.0,13.28,0.1,31.96,0.0,47.7,1
2026-08-31T12:06:10,neutral,6.01,0.0,5.15,0.39,15.7,0.01,72.74,1
2026-08-31T12:06:11,neutral,11.97,0.0,0.31,22.46,1.3,0.0,63.96,1
2026-08-31T12:06:12,happy,0.04,0.0,0.48,80.8,6.76,0.0,11.91,1
2026-08-31T12:06:13,neutral,2.09,0.0,0.26,0.01,20.04,0.0,77.6,1
2026-08-31T12:06:15,neutral,1.1,0.0,0.04,0.03,6.61,0.0,92.23,1
2026-08-31T12:06:16,neutral,1.54,0.0,0.01,0.01,0.06,0.0,98.38,1
2026-08-31T12:06:17,neutral,0.29,0.0,0.0,0.22,0.47,0.0,99.02,1
2026-08-31T12:06:18,neutral,22.02,0.0,0.01,2.68,0.91,0.0,74.38,1
2026-08-31T12:06:20,happy,0.89,0.0,0.01,92.73,0.52,0.0,5.86,1
2026-08-31T12:06:21,sad,22.92,0.0,3.85,0.02,62.31,0.0,10.89,1
2026-08-31T12:06:22,sad,15.68,0.0,10.77,0.01,63.15,0.0,10.39,1
2026-08-31T12:06:23,sad,16.79,0.0,16.52,0.0,58.23,0.0,8.45,1
2026-08-31T12:06:25,neutral,9.98,0.0,0.42,0.0,2.72,0.0,86.88,1
2026-08-31T12:06:26,angry,69.71,0.0,0.05,0.0,1.83,0.0,28.41,1
2026-08-31T12:06:27,neutral,40.24,0.0,0.02,0.0,2.52,0.0,57.22,1
2026-08-31T12:06:28,neutral,2.38,0.0,0.0,0.0,0.44,0.0,97.18,1
2026-08-31T12:06:29,neutral,0.52,0.0,0.0,0.0,0.07,0.0,99.42,1
2026-08-31T12:06:30,neutral,2.27,0.0,0.14,0.0,1.22,0.01,96.36,1
2026-08-31T12:06:32,angry,48.07,0.0,1.86,0.0,10.92,0.01,39.15,1
2026-08-31T12:06:33,neutral,5.68,0.0,0.29,0.0,2.01,0.0,92.01,1
2026-08-31T12:06:34,neutral,13.04,0.0,0.45,0.0,3.47,0.0,83.04,1
2026-08-31T12:06:35,neutral,25.41,0.0,0.32,0.0,12.76,0.0,61.51,1
2026-08-31T12:06:36,sad,12.49,0.0,9.55,0.01,60.75,0.0,17.2,1
2026-08-31T12:06:37,sad,9.11,0.0,12.64,0.0,54.84,0.0,23.41,1
2026-08-31T12:06:39,neutral,2.83,0.0,0.04,0.19,13.32,0.0,83.63,1
2026-08-31T12:06:40,neutral,1.03,0.0,0.0,6.41,18.03,0.0,74.54,1
2026-08-31T12:06:41,happy,3.63,0.01,0.5,55.66,15.12,0.05,25.04,1
2026-08-31T12:06:42,neutral,0.6,0.0,0.2,22.41,6.19,0.03,70.57,1
2026-08-31T12:06:44,sad,3.92,0.0,0.81,34.8,49.44,0.03,10.99,1
2026-08-31T12:06:45,sad,23.91,0.02,2.61,19.38,51.01,0.03,3.04,1
2026-08-31T12:06:46,sad,6.34,0.0,9.68,1.27,71.95,0.0,10.76,1
2026-08-31T12:06:47,sad,6.44,0.0,9.33,0.02,52.32,0.0,31.9,1
2026-08-31T12:06:48,sad,14.18,0.0,4.54,18.45,42.4,0.0,20.42,1
2026-08-31T12:06:50,sad,6.14,0.0,8.75,0.04,51.02,0.0,34.04,1
2026-08-31T12:06:51,sad,4.59,0.0,9.98,0.0,73.52,0.0,11.91,1
2026-08-31T12:06:52,happy,0.02,0.0,0.0,99.3,0.25,0.0,0.43,1
2026-08-31T12:06:53,neutral,0.18,0.0,0.0,0.03,1.88,0.0,97.91,1
2026-08-31T12:06:55,sad,0.1,0.0,0.9,0.0,98.71,0.0,0.29,1
2026-08-31T12:06:56,neutral,43.89,0.0,0.23,0.18,3.57,0.0,52.13,1
2026-08-31T12:06:57,angry,48.8,0.0,2.36,1.23,25.18,0.0,22.43,1
2026-08-31T12:06:58,sad,15.67,0.0,7.04,0.01,48.27,0.0,29.01,1
2026-08-31T12:06:59,neutral,0.55,0.0,0.0,7.74,1.62,0.0,90.09,1
2026-08-31T12:07:00,neutral,0.43,0.0,0.01,9.89,24.36,0.0,65.31,1
2026-08-31T12:07:02,happy,3.72,0.0,0.02,50.35,0.66,0.0,45.25,1
2026-08-31T12:07:03,angry,41.86,0.0,0.31,32.72,2.05,0.02,23.03,1
2026-08-31T12:07:04,neutral,1.87,0.0,0.02,0.0,0.94,0.0,97.18,1
2026-08-31T12:07:05,neutral,16.08,0.0,0.01,2.6,0.68,0.0,80.63,1
2026-08-31T12:07:07,neutral,12.37,0.0,0.01,0.19,2.81,0.0,84.62,1
2026-08-31T12:07:08,neutral,14.42,0.0,0.04,0.06,5.05,0.0,80.42,1
2026-08-31T12:07:24,neutral,19.43,0.0,18.04,0.02,12.36,2.56,47.58,1
2026-08-31T12:07:46,neutral,0.38,0.0,0.26,0.02,2.2,0.07,97.07,1
2026-08-31T12:08:02,neutral,1.16,0.0,0.0,0.01,1.61,0.0,97.22,1
